{"_timestamp":1.7564526452326567e+09,"_step":77,"_wandb":{"runtime":505},"_runtime":505,"train/loss":6.9375,"train/learning_rate":0.00019756254008980117,"train/epoch":0,"train/step":77}